{"cameraMode":{"drawMode":0,"name":"Shaded","section":"Shading Mode"},"sceneLighting":true,"audioPlay":false,"sceneViewState":{"showFog":true,"showMaterialUpdate":true,"showSkybox":true,"showFlares":true,"showImageEffects":true,"showParticleSystems":true},"in2DMode":false,"pivot":{"x":-61.9500617980957,"y":-91.47164916992188,"z":35.969276428222659},"rotation":{"x":0.3754398822784424,"y":-0.44530850648880007,"z":0.21314942836761475,"w":0.7844439744949341},"size":68.77645874023438,"orthographic":false}